"hryear4","prtage","hufaminc","pesex","avg_tech_use","n"
2001,4,-3,1,63.0350194552529,257
2001,4,-3,2,66.030534351145,262
2001,4,-2,1,54.7619047619048,126
2001,4,-2,2,59.6153846153846,156
2001,4,1,1,48.9583333333333,96
2001,4,1,2,46.5277777777778,144
2001,4,2,1,40.5405405405405,74
2001,4,2,2,42.0454545454545,88
2001,4,3,1,42.8571428571429,63
2001,4,3,2,36.6197183098592,71
2001,4,4,1,37.037037037037,81
2001,4,4,2,55.5555555555556,90
2001,4,5,1,47.945205479452,73
2001,4,5,2,44.5544554455446,101
2001,4,6,1,47.5247524752475,101
2001,4,6,2,47.2868217054264,129
2001,4,7,1,46.5753424657534,146
2001,4,7,2,46.1538461538462,169
2001,4,8,1,51.5384615384615,130
2001,4,8,2,50,136
2001,4,9,1,64.3410852713178,129
2001,4,9,2,57.9310344827586,145
2001,4,10,1,68.1818181818182,132
2001,4,10,2,68.4210526315789,114
2001,4,11,1,76.5625,192
2001,4,11,2,76.2135922330097,206
2001,4,12,1,81.3397129186603,209
2001,4,12,2,82.9787234042553,188
2001,4,13,1,83.0769230769231,260
2001,4,13,2,82.6923076923077,208
2001,4,14,1,92.9467084639498,638
2001,4,14,2,92.9310344827586,580
2001,4,NA,1,40,5
2001,4,NA,2,40,5
2001,5,-3,1,56.3076923076923,325
2001,5,-3,2,56,400
2001,5,-2,1,42.4581005586592,179
2001,5,-2,2,49.390243902439,164
2001,5,1,1,51.6778523489933,149
2001,5,1,2,44.2396313364055,217
2001,5,2,1,44.3396226415094,106
2001,5,2,2,40.2877697841727,139
2001,5,3,1,41.4634146341463,82
2001,5,3,2,33.6,125
2001,5,4,1,43.312101910828,157
2001,5,4,2,47.3053892215569,167
2001,5,5,1,42.9530201342282,149
2001,5,5,2,40.4109589041096,146
2001,5,6,1,45.2471482889734,263
2001,5,6,2,48.0314960629921,254
2001,5,7,1,46.875,320
2001,5,7,2,54.3103448275862,348
2001,5,8,1,60.6164383561644,292
2001,5,8,2,52.5316455696203,316
2001,5,9,1,50.4032258064516,248
2001,5,9,2,55.0387596899225,258
2001,5,10,1,60.2678571428571,224
2001,5,10,2,69.1056910569106,246
2001,5,11,1,68.2080924855491,346
2001,5,11,2,71.5,400
2001,5,12,1,69.7530864197531,324
2001,5,12,2,76.4542936288089,361
2001,5,13,1,71.4754098360656,305
2001,5,13,2,81.063122923588,301
2001,5,14,1,87.7167630057804,692
2001,5,14,2,89.0127388535032,628
2001,5,NA,1,33.3333333333333,9
2001,5,NA,2,25,8
2001,6,-3,1,57.1808510638298,752
2001,6,-3,2,57.1764705882353,850
2001,6,-2,1,42.9184549356223,233
2001,6,-2,2,51.7948717948718,195
2001,6,1,1,31.8181818181818,132
2001,6,1,2,30.0518134715026,193
2001,6,2,1,22.6415094339623,106
2001,6,2,2,31.8840579710145,138
2001,6,3,1,33.3333333333333,105
2001,6,3,2,34.1176470588235,170
2001,6,4,1,30.0613496932515,163
2001,6,4,2,40.5405405405405,222
2001,6,5,1,32.9545454545455,176
2001,6,5,2,37.7880184331797,217
2001,6,6,1,38.006230529595,321
2001,6,6,2,42.6701570680628,382
2001,6,7,1,45.3815261044177,498
2001,6,7,2,51.4869888475836,538
2001,6,8,1,57.9457364341085,516
2001,6,8,2,56.442831215971,551
2001,6,9,1,59.4642857142857,560
2001,6,9,2,68.1003584229391,558
2001,6,10,1,68.609022556391,532
2001,6,10,2,68.0154142581888,519
2001,6,11,1,70.9219858156028,846
2001,6,11,2,74.1860465116279,860
2001,6,12,1,76.7639902676399,822
2001,6,12,2,77.6442307692308,832
2001,6,13,1,82.6771653543307,889
2001,6,13,2,84.4519015659955,894
2001,6,14,1,89.1766268260292,1506
2001,6,14,2,89.9874843554443,1598
2001,6,NA,1,44.4444444444444,9
2001,6,NA,2,66.6666666666667,9
2001,7,-3,1,51.7644645055396,4874
2001,7,-3,2,47.1224875450953,5821
2001,7,-2,1,47.1607314725698,1039
2001,7,-2,2,42.0392156862745,1275
2001,7,1,1,20.6967213114754,488
2001,7,1,2,24.896265560166,723
2001,7,2,1,15.0826446280992,484
2001,7,2,2,14.4897959183673,980
2001,7,3,1,20.5607476635514,535
2001,7,3,2,17.7631578947368,1064
2001,7,4,1,26.1964735516373,794
2001,7,4,2,23.805913570887,1319
2001,7,5,1,24.905183312263,791
2001,7,5,2,24.6655518394649,1196
2001,7,6,1,28.9219330855019,1345
2001,7,6,2,31.1048158640227,1765
2001,7,7,1,38.2539682539683,1890
2001,7,7,2,40.0599828620394,2334
2001,7,8,1,43.7465865647187,1831
2001,7,8,2,45.9245458779693,2147
2001,7,9,1,54.0420819490587,1806
2001,7,9,2,54.7234459128732,2043
2001,7,10,1,59.1580098414434,1829
2001,7,10,2,60.0941422594142,1912
2001,7,11,1,67.9232581622349,2971
2001,7,11,2,69.2836113837095,3057
2001,7,12,1,75.5954323001631,3065
2001,7,12,2,75.6343526350033,3074
2001,7,13,1,80.4748516088722,3201
2001,7,13,2,81.6537467700258,3096
2001,7,14,1,89.5866552189378,8153
2001,7,14,2,89.89252814739,7816
2001,7,NA,1,59.0909090909091,22
2001,7,NA,2,55.5555555555556,27
2001,NA,-3,1,65.6181015452539,1812
2001,NA,-3,2,67.5914249684741,1586
2001,NA,-3,NA,0,582
2001,NA,-2,1,56.1027837259101,467
2001,NA,-2,2,58.5567010309278,485
2001,NA,-2,NA,0,125
2001,NA,1,1,24.6049661399549,443
2001,NA,1,2,30.1724137931034,464
2001,NA,1,NA,0,153
2001,NA,2,1,29.7619047619048,336
2001,NA,2,2,25.6716417910448,335
2001,NA,2,NA,0,82
2001,NA,3,1,28.7564766839378,386
2001,NA,3,2,33.4246575342466,365
2001,NA,3,NA,0,78
2001,NA,4,1,38.2189239332096,539
2001,NA,4,2,38.5633270321361,529
2001,NA,4,NA,0,106
2001,NA,5,1,39.9606299212598,508
2001,NA,5,2,43.7881873727088,491
2001,NA,5,NA,0,67
2001,NA,6,1,44.1709844559586,772
2001,NA,6,2,47.020725388601,772
2001,NA,6,NA,0,166
2001,NA,7,1,52.7927927927928,1110
2001,NA,7,2,54.0874524714829,1052
2001,NA,7,NA,0,160
2001,NA,8,1,54.7240411599626,1069
2001,NA,8,2,58.3657587548638,1028
2001,NA,8,NA,0,140
2001,NA,9,1,67.5628794449263,1153
2001,NA,9,2,66.5395614871306,1049
2001,NA,9,NA,0,139
2001,NA,10,1,71.2562814070352,995
2001,NA,10,2,69.8704103671706,926
2001,NA,10,NA,0,129
2001,NA,11,1,77.8883360972913,1809
2001,NA,11,2,79.2298716452742,1714
2001,NA,11,NA,0,179
2001,NA,12,1,82.8248587570621,1770
2001,NA,12,2,85.1013110846246,1678
2001,NA,12,NA,0,177
2001,NA,13,1,90.3699673558215,1838
2001,NA,13,2,89.5184135977337,1765
2001,NA,13,NA,0,147
2001,NA,14,1,94.140157856972,4181
2001,NA,14,2,94.8870687515513,4029
2001,NA,14,NA,0,311
2001,NA,NA,1,57.1428571428571,21
2001,NA,NA,2,66.6666666666667,12
2001,NA,NA,NA,0,12824
2003,4,-3,1,66.4634146341463,328
2003,4,-3,2,70.7236842105263,304
2003,4,-2,1,56.5573770491803,122
2003,4,-2,2,57.3333333333333,150
2003,4,1,1,58.9473684210526,95
2003,4,1,2,56.4102564102564,156
2003,4,2,1,53.7313432835821,67
2003,4,2,2,59.5744680851064,94
2003,4,3,1,53.8461538461538,52
2003,4,3,2,34.6153846153846,52
2003,4,4,1,59.375,64
2003,4,4,2,44.3037974683544,79
2003,4,5,1,57.1428571428571,56
2003,4,5,2,45.5696202531646,79
2003,4,6,1,54.5454545454545,99
2003,4,6,2,52.6315789473684,95
2003,4,7,1,53.6764705882353,136
2003,4,7,2,55.1724137931034,145
2003,4,8,1,54.6875,128
2003,4,8,2,67.9389312977099,131
2003,4,9,1,69.2913385826772,127
2003,4,9,2,62.8787878787879,132
2003,4,10,1,73.7864077669903,103
2003,4,10,2,75.8928571428571,112
2003,4,11,1,82.4175824175824,182
2003,4,11,2,80.6818181818182,176
2003,4,12,1,89.6907216494845,194
2003,4,12,2,86.4321608040201,199
2003,4,13,1,88.5826771653543,254
2003,4,13,2,87.5,200
2003,4,14,1,92.4528301886792,265
2003,4,14,2,92.9411764705882,255
2003,4,15,1,95.4081632653061,196
2003,4,15,2,94.6808510638298,188
2003,4,16,1,95,120
2003,4,16,2,95.2380952380952,105
2003,4,NA,1,66.6666666666667,6
2003,4,NA,2,85.7142857142857,7
2003,5,-3,1,60.9053497942387,486
2003,5,-3,2,58.2809224318658,477
2003,5,-2,1,55.2763819095477,199
2003,5,-2,2,53.7142857142857,175
2003,5,1,1,50.4065040650407,123
2003,5,1,2,51.7412935323383,201
2003,5,2,1,54.639175257732,97
2003,5,2,2,49.2537313432836,134
2003,5,3,1,48.3870967741936,124
2003,5,3,2,47.1074380165289,121
2003,5,4,1,40.4761904761905,126
2003,5,4,2,46.7391304347826,184
2003,5,5,1,54.1984732824427,131
2003,5,5,2,53.8961038961039,154
2003,5,6,1,53.7383177570093,214
2003,5,6,2,46.5968586387435,191
2003,5,7,1,59.1836734693878,294
2003,5,7,2,58.6538461538462,312
2003,5,8,1,57.439446366782,289
2003,5,8,2,58.0536912751678,298
2003,5,9,1,59.4594594594595,296
2003,5,9,2,67.1378091872791,283
2003,5,10,1,72.0524017467249,229
2003,5,10,2,63.8297872340426,235
2003,5,11,1,75.974025974026,308
2003,5,11,2,75,356
2003,5,12,1,78.4671532846715,274
2003,5,12,2,79.1946308724832,298
2003,5,13,1,78.9644012944984,309
2003,5,13,2,84.6428571428571,280
2003,5,14,1,84.1726618705036,278
2003,5,14,2,89.3835616438356,292
2003,5,15,1,91.4163090128755,233
2003,5,15,2,95.5555555555556,180
2003,5,16,1,96.9465648854962,131
2003,5,16,2,94.1747572815534,103
2003,5,NA,1,75,4
2003,5,NA,2,0,5
2003,6,-3,1,63.3479212253829,914
2003,6,-3,2,65.8486707566462,978
2003,6,-2,1,50,222
2003,6,-2,2,55.6650246305419,203
2003,6,1,1,47.2,125
2003,6,1,2,39.8989898989899,198
2003,6,2,1,44.6601941747573,103
2003,6,2,2,36.8421052631579,152
2003,6,3,1,37.2881355932203,118
2003,6,3,2,41.8918918918919,148
2003,6,4,1,41.8079096045198,177
2003,6,4,2,43.6363636363636,220
2003,6,5,1,37.5690607734807,181
2003,6,5,2,43.2432432432432,185
2003,6,6,1,50.1818181818182,275
2003,6,6,2,51.7460317460318,315
2003,6,7,1,50.3401360544218,441
2003,6,7,2,55.7377049180328,427
2003,6,8,1,62.5531914893617,470
2003,6,8,2,63.3401221995927,491
2003,6,9,1,63.7931034482759,522
2003,6,9,2,65.7509157509158,546
2003,6,10,1,69.5740365111562,493
2003,6,10,2,74.4094488188976,508
2003,6,11,1,79.1281373844122,757
2003,6,11,2,80.3641092327698,769
2003,6,12,1,79.8639455782313,735
2003,6,12,2,81.7671809256662,713
2003,6,13,1,85.4503464203233,866
2003,6,13,2,87.8504672897196,856
2003,6,14,1,88.8318356867779,779
2003,6,14,2,91.3625304136253,822
2003,6,15,1,93.6073059360731,438
2003,6,15,2,95.5684007707129,519
2003,6,16,1,92.6470588235294,204
2003,6,16,2,97.265625,256
2003,6,NA,1,40,5
2003,6,NA,2,37.5,8
2003,7,-3,1,57.0503848845346,5716
2003,7,-3,2,53.3640279221744,6733
2003,7,-2,1,50.6849315068493,1022
2003,7,-2,2,46.7625899280576,1251
2003,7,1,1,33.2665330661323,499
2003,7,1,2,30.640243902439,656
2003,7,2,1,27.4122807017544,456
2003,7,2,2,23.7045203969129,907
2003,7,3,1,26.6666666666667,525
2003,7,3,2,22.6057906458797,898
2003,7,4,1,32.1381142098274,753
2003,7,4,2,29.2372881355932,1180
2003,7,5,1,32.2802197802198,728
2003,7,5,2,29.2572463768116,1104
2003,7,6,1,35.1351351351351,1221
2003,7,6,2,37.5843041079093,1631
2003,7,7,1,43.542654028436,1688
2003,7,7,2,45.876037091264,2049
2003,7,8,1,52.5896414342629,1757
2003,7,8,2,52.1087160262418,2134
2003,7,9,1,57.1963616907437,1869
2003,7,9,2,60.8088589311507,2077
2003,7,10,1,65.967365967366,1716
2003,7,10,2,68.1916038751346,1858
2003,7,11,1,74.0307242136064,2734
2003,7,11,2,76.2525737817433,2914
2003,7,12,1,79.8523985239852,2710
2003,7,12,2,80.0773014757554,2846
2003,7,13,1,85.2222917971196,3194
2003,7,13,2,85.53125,3200
2003,7,14,1,88.865210442195,3754
2003,7,14,2,89.6078431372549,3570
2003,7,15,1,92.9644558446317,2729
2003,7,15,2,93.6964980544747,2570
2003,7,16,1,94.7368421052632,1729
2003,7,16,2,95.1397326852977,1646
2003,7,NA,1,37.5,24
2003,7,NA,2,53.5714285714286,28
2003,NA,-3,1,73.8424821002387,2095
2003,NA,-3,2,73.33984375,2048
2003,NA,-3,NA,0,728
2003,NA,-2,1,59.8790322580645,496
2003,NA,-2,2,62.6582278481013,474
2003,NA,-2,NA,0,115
2003,NA,1,1,38.3928571428571,448
2003,NA,1,2,38,450
2003,NA,1,NA,0,141
2003,NA,2,1,42.7848101265823,395
2003,NA,2,2,41.2790697674419,344
2003,NA,2,NA,0,101
2003,NA,3,1,45.4545454545455,319
2003,NA,3,2,44.9685534591195,318
2003,NA,3,NA,0,88
2003,NA,4,1,44.1908713692946,482
2003,NA,4,2,43.7375745526839,503
2003,NA,4,NA,0,115
2003,NA,5,1,45.1901565995526,447
2003,NA,5,2,44.7236180904523,398
2003,NA,5,NA,0,98
2003,NA,6,1,49.5118549511855,717
2003,NA,6,2,51.0822510822511,693
2003,NA,6,NA,0,168
2003,NA,7,1,57.4226804123711,970
2003,NA,7,2,55.2016985138004,942
2003,NA,7,NA,0,196
2003,NA,8,1,63.663967611336,988
2003,NA,8,2,67.0961347869177,1009
2003,NA,8,NA,0,169
2003,NA,9,1,70.6563706563707,1036
2003,NA,9,2,68.7439143135346,1027
2003,NA,9,NA,0,180
2003,NA,10,1,76.5253360910031,967
2003,NA,10,2,78.0061664953751,973
2003,NA,10,NA,0,139
2003,NA,11,1,83.8688085676038,1494
2003,NA,11,2,82.6,1500
2003,NA,11,NA,0,209
2003,NA,12,1,85.3161114887831,1471
2003,NA,12,2,87.5085324232082,1465
2003,NA,12,NA,0,188
2003,NA,13,1,90.0546448087432,1830
2003,NA,13,2,90.7235621521336,1617
2003,NA,13,NA,0,189
2003,NA,14,1,93.8508064516129,1984
2003,NA,14,2,93.681917211329,1836
2003,NA,14,NA,0,284
2003,NA,15,1,97.3721590909091,1408
2003,NA,15,2,97.0909090909091,1375
2003,NA,15,NA,0,74
2003,NA,16,1,96.8862275449102,835
2003,NA,16,2,97.1499380421313,807
2003,NA,16,NA,0,45
2003,NA,NA,1,0,1
2003,NA,NA,2,50,4
2003,NA,NA,NA,0,13656
2007,4,-3,1,NA,391
2007,4,-3,2,NA,353
2007,4,-2,1,NA,145
2007,4,-2,2,NA,150
2007,4,1,1,NA,85
2007,4,1,2,NA,90
2007,4,2,1,NA,38
2007,4,2,2,NA,48
2007,4,3,1,NA,30
2007,4,3,2,NA,47
2007,4,4,1,NA,53
2007,4,4,2,NA,50
2007,4,5,1,NA,47
2007,4,5,2,NA,53
2007,4,6,1,NA,90
2007,4,6,2,NA,111
2007,4,7,1,NA,97
2007,4,7,2,NA,110
2007,4,8,1,NA,97
2007,4,8,2,NA,111
2007,4,9,1,NA,116
2007,4,9,2,NA,116
2007,4,10,1,NA,110
2007,4,10,2,NA,104
2007,4,11,1,NA,165
2007,4,11,2,NA,144
2007,4,12,1,NA,177
2007,4,12,2,NA,173
2007,4,13,1,NA,204
2007,4,13,2,NA,199
2007,4,14,1,NA,263
2007,4,14,2,NA,221
2007,4,15,1,NA,258
2007,4,15,2,NA,209
2007,4,16,1,NA,146
2007,4,16,2,NA,145
2007,4,NA,1,NA,7
2007,4,NA,2,NA,14
2007,5,-3,1,NA,527
2007,5,-3,2,NA,583
2007,5,-2,1,NA,218
2007,5,-2,2,NA,204
2007,5,1,1,NA,131
2007,5,1,2,NA,167
2007,5,2,1,NA,81
2007,5,2,2,NA,120
2007,5,3,1,NA,71
2007,5,3,2,NA,104
2007,5,4,1,NA,95
2007,5,4,2,NA,131
2007,5,5,1,NA,92
2007,5,5,2,NA,101
2007,5,6,1,NA,185
2007,5,6,2,NA,195
2007,5,7,1,NA,256
2007,5,7,2,NA,230
2007,5,8,1,NA,251
2007,5,8,2,NA,225
2007,5,9,1,NA,252
2007,5,9,2,NA,261
2007,5,10,1,NA,228
2007,5,10,2,NA,244
2007,5,11,1,NA,310
2007,5,11,2,NA,353
2007,5,12,1,NA,313
2007,5,12,2,NA,292
2007,5,13,1,NA,324
2007,5,13,2,NA,328
2007,5,14,1,NA,330
2007,5,14,2,NA,301
2007,5,15,1,NA,318
2007,5,15,2,NA,259
2007,5,16,1,NA,216
2007,5,16,2,NA,160
2007,5,NA,1,NA,4
2007,5,NA,2,NA,4
2007,6,-3,1,NA,955
2007,6,-3,2,NA,1011
2007,6,-2,1,NA,298
2007,6,-2,2,NA,243
2007,6,1,1,NA,105
2007,6,1,2,NA,160
2007,6,2,1,NA,74
2007,6,2,2,NA,119
2007,6,3,1,NA,74
2007,6,3,2,NA,110
2007,6,4,1,NA,115
2007,6,4,2,NA,131
2007,6,5,1,NA,134
2007,6,5,2,NA,153
2007,6,6,1,NA,236
2007,6,6,2,NA,284
2007,6,7,1,NA,317
2007,6,7,2,NA,376
2007,6,8,1,NA,321
2007,6,8,2,NA,377
2007,6,9,1,NA,445
2007,6,9,2,NA,460
2007,6,10,1,NA,391
2007,6,10,2,NA,372
2007,6,11,1,NA,665
2007,6,11,2,NA,632
2007,6,12,1,NA,663
2007,6,12,2,NA,684
2007,6,13,1,NA,750
2007,6,13,2,NA,774
2007,6,14,1,NA,819
2007,6,14,2,NA,851
2007,6,15,1,NA,552
2007,6,15,2,NA,621
2007,6,16,1,NA,303
2007,6,16,2,NA,312
2007,6,NA,1,NA,18
2007,6,NA,2,NA,16
2007,7,-3,1,NA,6218
2007,7,-3,2,NA,7148
2007,7,-2,1,NA,1215
2007,7,-2,2,NA,1508
2007,7,1,1,NA,401
2007,7,1,2,NA,554
2007,7,2,1,NA,288
2007,7,2,2,NA,483
2007,7,3,1,NA,415
2007,7,3,2,NA,730
2007,7,4,1,NA,640
2007,7,4,2,NA,1017
2007,7,5,1,NA,610
2007,7,5,2,NA,942
2007,7,6,1,NA,1011
2007,7,6,2,NA,1395
2007,7,7,1,NA,1343
2007,7,7,2,NA,1751
2007,7,8,1,NA,1424
2007,7,8,2,NA,1699
2007,7,9,1,NA,1538
2007,7,9,2,NA,1771
2007,7,10,1,NA,1556
2007,7,10,2,NA,1666
2007,7,11,1,NA,2387
2007,7,11,2,NA,2605
2007,7,12,1,NA,2534
2007,7,12,2,NA,2662
2007,7,13,1,NA,3079
2007,7,13,2,NA,3149
2007,7,14,1,NA,3661
2007,7,14,2,NA,3591
2007,7,15,1,NA,3408
2007,7,15,2,NA,3274
2007,7,16,1,NA,2318
2007,7,16,2,NA,2224
2007,7,NA,1,NA,71
2007,7,NA,2,NA,75
2007,NA,-3,1,NA,2243
2007,NA,-3,2,NA,2205
2007,NA,-3,NA,NA,678
2007,NA,-2,1,NA,615
2007,NA,-2,2,NA,576
2007,NA,-2,NA,NA,154
2007,NA,1,1,NA,350
2007,NA,1,2,NA,361
2007,NA,1,NA,NA,110
2007,NA,2,1,NA,259
2007,NA,2,2,NA,238
2007,NA,2,NA,NA,63
2007,NA,3,1,NA,298
2007,NA,3,2,NA,260
2007,NA,3,NA,NA,55
2007,NA,4,1,NA,323
2007,NA,4,2,NA,319
2007,NA,4,NA,NA,85
2007,NA,5,1,NA,375
2007,NA,5,2,NA,346
2007,NA,5,NA,NA,68
2007,NA,6,1,NA,578
2007,NA,6,2,NA,600
2007,NA,6,NA,NA,118
2007,NA,7,1,NA,751
2007,NA,7,2,NA,716
2007,NA,7,NA,NA,121
2007,NA,8,1,NA,819
2007,NA,8,2,NA,755
2007,NA,8,NA,NA,122
2007,NA,9,1,NA,860
2007,NA,9,2,NA,781
2007,NA,9,NA,NA,129
2007,NA,10,1,NA,751
2007,NA,10,2,NA,742
2007,NA,10,NA,NA,124
2007,NA,11,1,NA,1205
2007,NA,11,2,NA,1142
2007,NA,11,NA,NA,171
2007,NA,12,1,NA,1291
2007,NA,12,2,NA,1236
2007,NA,12,NA,NA,172
2007,NA,13,1,NA,1606
2007,NA,13,2,NA,1509
2007,NA,13,NA,NA,146
2007,NA,14,1,NA,1833
2007,NA,14,2,NA,1792
2007,NA,14,NA,NA,148
2007,NA,15,1,NA,1696
2007,NA,15,2,NA,1542
2007,NA,15,NA,NA,154
2007,NA,16,1,NA,1101
2007,NA,16,2,NA,1114
2007,NA,16,NA,NA,118
2007,NA,NA,1,NA,37
2007,NA,NA,2,NA,24
2007,NA,NA,NA,NA,14672
2009,4,-3,1,NA,357
2009,4,-3,2,NA,351
2009,4,-2,1,NA,137
2009,4,-2,2,NA,109
2009,4,1,1,NA,86
2009,4,1,2,NA,107
2009,4,2,1,NA,58
2009,4,2,2,NA,66
2009,4,3,1,NA,56
2009,4,3,2,NA,56
2009,4,4,1,NA,68
2009,4,4,2,NA,63
2009,4,5,1,NA,56
2009,4,5,2,NA,55
2009,4,6,1,NA,109
2009,4,6,2,NA,93
2009,4,7,1,NA,106
2009,4,7,2,NA,137
2009,4,8,1,NA,120
2009,4,8,2,NA,123
2009,4,9,1,NA,154
2009,4,9,2,NA,107
2009,4,10,1,NA,118
2009,4,10,2,NA,94
2009,4,11,1,NA,192
2009,4,11,2,NA,156
2009,4,12,1,NA,152
2009,4,12,2,NA,151
2009,4,13,1,NA,219
2009,4,13,2,NA,202
2009,4,14,1,NA,224
2009,4,14,2,NA,225
2009,4,15,1,NA,239
2009,4,15,2,NA,230
2009,4,16,1,NA,173
2009,4,16,2,NA,163
2009,4,NA,1,NA,9
2009,4,NA,2,NA,8
2009,5,-3,1,NA,521
2009,5,-3,2,NA,500
2009,5,-2,1,NA,216
2009,5,-2,2,NA,171
2009,5,1,1,NA,161
2009,5,1,2,NA,192
2009,5,2,1,NA,105
2009,5,2,2,NA,113
2009,5,3,1,NA,74
2009,5,3,2,NA,116
2009,5,4,1,NA,111
2009,5,4,2,NA,122
2009,5,5,1,NA,110
2009,5,5,2,NA,117
2009,5,6,1,NA,189
2009,5,6,2,NA,192
2009,5,7,1,NA,191
2009,5,7,2,NA,224
2009,5,8,1,NA,247
2009,5,8,2,NA,225
2009,5,9,1,NA,214
2009,5,9,2,NA,244
2009,5,10,1,NA,214
2009,5,10,2,NA,229
2009,5,11,1,NA,301
2009,5,11,2,NA,316
2009,5,12,1,NA,314
2009,5,12,2,NA,300
2009,5,13,1,NA,341
2009,5,13,2,NA,316
2009,5,14,1,NA,325
2009,5,14,2,NA,347
2009,5,15,1,NA,287
2009,5,15,2,NA,283
2009,5,16,1,NA,199
2009,5,16,2,NA,169
2009,5,NA,1,NA,18
2009,5,NA,2,NA,16
2009,6,-3,1,NA,898
2009,6,-3,2,NA,949
2009,6,-2,1,NA,256
2009,6,-2,2,NA,225
2009,6,1,1,NA,155
2009,6,1,2,NA,202
2009,6,2,1,NA,87
2009,6,2,2,NA,126
2009,6,3,1,NA,93
2009,6,3,2,NA,134
2009,6,4,1,NA,141
2009,6,4,2,NA,192
2009,6,5,1,NA,139
2009,6,5,2,NA,164
2009,6,6,1,NA,255
2009,6,6,2,NA,310
2009,6,7,1,NA,328
2009,6,7,2,NA,369
2009,6,8,1,NA,345
2009,6,8,2,NA,402
2009,6,9,1,NA,438
2009,6,9,2,NA,435
2009,6,10,1,NA,366
2009,6,10,2,NA,381
2009,6,11,1,NA,715
2009,6,11,2,NA,645
2009,6,12,1,NA,620
2009,6,12,2,NA,626
2009,6,13,1,NA,849
2009,6,13,2,NA,824
2009,6,14,1,NA,873
2009,6,14,2,NA,925
2009,6,15,1,NA,605
2009,6,15,2,NA,658
2009,6,16,1,NA,309
2009,6,16,2,NA,332
2009,6,NA,1,NA,30
2009,6,NA,2,NA,32
2009,7,-3,1,NA,5834
2009,7,-3,2,NA,6867
2009,7,-2,1,NA,1064
2009,7,-2,2,NA,1283
2009,7,1,1,NA,482
2009,7,1,2,NA,621
2009,7,2,1,NA,344
2009,7,2,2,NA,538
2009,7,3,1,NA,458
2009,7,3,2,NA,762
2009,7,4,1,NA,646
2009,7,4,2,NA,1053
2009,7,5,1,NA,647
2009,7,5,2,NA,982
2009,7,6,1,NA,1101
2009,7,6,2,NA,1465
2009,7,7,1,NA,1414
2009,7,7,2,NA,1818
2009,7,8,1,NA,1543
2009,7,8,2,NA,1758
2009,7,9,1,NA,1585
2009,7,9,2,NA,1831
2009,7,10,1,NA,1520
2009,7,10,2,NA,1645
2009,7,11,1,NA,2472
2009,7,11,2,NA,2652
2009,7,12,1,NA,2530
2009,7,12,2,NA,2655
2009,7,13,1,NA,3174
2009,7,13,2,NA,3235
2009,7,14,1,NA,3616
2009,7,14,2,NA,3536
2009,7,15,1,NA,3462
2009,7,15,2,NA,3334
2009,7,16,1,NA,2535
2009,7,16,2,NA,2412
2009,7,NA,1,NA,98
2009,7,NA,2,NA,104
2009,NA,-3,1,NA,2155
2009,NA,-3,2,NA,1922
2009,NA,-3,NA,NA,744
2009,NA,-2,1,NA,491
2009,NA,-2,2,NA,452
2009,NA,-2,NA,NA,123
2009,NA,1,1,NA,403
2009,NA,1,2,NA,422
2009,NA,1,NA,NA,122
2009,NA,2,1,NA,313
2009,NA,2,2,NA,321
2009,NA,2,NA,NA,67
2009,NA,3,1,NA,301
2009,NA,3,2,NA,253
2009,NA,3,NA,NA,76
2009,NA,4,1,NA,420
2009,NA,4,2,NA,384
2009,NA,4,NA,NA,93
2009,NA,5,1,NA,339
2009,NA,5,2,NA,330
2009,NA,5,NA,NA,62
2009,NA,6,1,NA,620
2009,NA,6,2,NA,619
2009,NA,6,NA,NA,136
2009,NA,7,1,NA,765
2009,NA,7,2,NA,715
2009,NA,7,NA,NA,152
2009,NA,8,1,NA,806
2009,NA,8,2,NA,800
2009,NA,8,NA,NA,147
2009,NA,9,1,NA,849
2009,NA,9,2,NA,829
2009,NA,9,NA,NA,139
2009,NA,10,1,NA,694
2009,NA,10,2,NA,685
2009,NA,10,NA,NA,116
2009,NA,11,1,NA,1172
2009,NA,11,2,NA,1116
2009,NA,11,NA,NA,203
2009,NA,12,1,NA,1194
2009,NA,12,2,NA,1102
2009,NA,12,NA,NA,138
2009,NA,13,1,NA,1553
2009,NA,13,2,NA,1493
2009,NA,13,NA,NA,212
2009,NA,14,1,NA,1766
2009,NA,14,2,NA,1757
2009,NA,14,NA,NA,195
2009,NA,15,1,NA,1640
2009,NA,15,2,NA,1599
2009,NA,15,NA,NA,174
2009,NA,16,1,NA,1195
2009,NA,16,2,NA,1106
2009,NA,16,NA,NA,121
2009,NA,NA,1,NA,66
2009,NA,NA,2,NA,60
2009,NA,NA,NA,NA,14551
2011,4,NA,1,29.4599627560521,2685
2011,4,NA,2,30.051432770022,2722
2011,5,NA,1,32.0754716981132,4028
2011,5,NA,2,34.9509921109252,4183
2011,6,NA,1,37.0107238605898,7460
2011,6,NA,2,39.5157264103844,8012
2011,7,NA,1,36.620294599018,34216
2011,7,NA,2,37.6353884607373,38408
2011,NA,NA,1,30.1656389795672,16542
2011,NA,NA,2,30.0887215165635,15667
2011,NA,NA,NA,0,18337
2013,NA,NA,NA,60.2602655879927,150308
2015,4,1,1,86.046511627907,86
2015,4,1,2,86.4864864864865,111
2015,4,2,1,86.9565217391304,46
2015,4,2,2,90.2439024390244,41
2015,4,3,1,92.8571428571429,42
2015,4,3,2,84.7826086956522,46
2015,4,4,1,79.0697674418605,43
2015,4,4,2,81.5384615384615,65
2015,4,5,1,89.1304347826087,46
2015,4,5,2,85.4166666666667,48
2015,4,6,1,81.9277108433735,83
2015,4,6,2,86.9565217391304,92
2015,4,7,1,87.218045112782,133
2015,4,7,2,91.8181818181818,110
2015,4,8,1,94.2857142857143,105
2015,4,8,2,86.4864864864865,111
2015,4,9,1,89.2561983471074,121
2015,4,9,2,92.9203539823009,113
2015,4,10,1,86.6666666666667,105
2015,4,10,2,92.2222222222222,90
2015,4,11,1,89.9441340782123,179
2015,4,11,2,94.375,160
2015,4,12,1,90.9677419354839,155
2015,4,12,2,90.9547738693467,199
2015,4,13,1,92.3371647509579,261
2015,4,13,2,92.7927927927928,222
2015,4,14,1,95.578231292517,294
2015,4,14,2,93.7282229965157,287
2015,4,15,1,96.8944099378882,322
2015,4,15,2,94.7712418300653,306
2015,4,16,1,93.7931034482759,290
2015,4,16,2,95.4887218045113,266
2015,5,1,1,89.4366197183099,142
2015,5,1,2,92.2705314009662,207
2015,5,2,1,90.3614457831325,83
2015,5,2,2,90,90
2015,5,3,1,94.8979591836735,98
2015,5,3,2,90.9090909090909,99
2015,5,4,1,75,96
2015,5,4,2,88.8157894736842,152
2015,5,5,1,93.0232558139535,86
2015,5,5,2,97.196261682243,107
2015,5,6,1,93.7888198757764,161
2015,5,6,2,90.7407407407407,162
2015,5,7,1,91.5178571428571,224
2015,5,7,2,88.5826771653543,254
2015,5,8,1,90.5109489051095,274
2015,5,8,2,91.9413919413919,273
2015,5,9,1,91.6349809885932,263
2015,5,9,2,90.9774436090226,266
2015,5,10,1,88.0952380952381,210
2015,5,10,2,93.75,224
2015,5,11,1,91.1357340720222,361
2015,5,11,2,92.9577464788732,355
2015,5,12,1,91.304347826087,345
2015,5,12,2,95.1219512195122,328
2015,5,13,1,93.0521091811414,403
2015,5,13,2,96.0591133004926,406
2015,5,14,1,95.4441913439636,439
2015,5,14,2,94.6261682242991,428
2015,5,15,1,93.3481152993348,451
2015,5,15,2,93.7027707808564,397
2015,5,16,1,92.9618768328446,341
2015,5,16,2,89.5384615384615,325
2015,6,1,1,84.9246231155779,199
2015,6,1,2,80,240
2015,6,2,1,86.734693877551,98
2015,6,2,2,87.4015748031496,127
2015,6,3,1,82.1052631578947,95
2015,6,3,2,85.8333333333333,120
2015,6,4,1,86.986301369863,146
2015,6,4,2,84.2105263157895,209
2015,6,5,1,87.248322147651,149
2015,6,5,2,88.125,160
2015,6,6,1,89.8832684824903,257
2015,6,6,2,88.7372013651877,293
2015,6,7,1,90.6515580736544,353
2015,6,7,2,89.4206549118388,397
2015,6,8,1,88.3886255924171,422
2015,6,8,2,89.5833333333333,432
2015,6,9,1,86.4406779661017,413
2015,6,9,2,85.8796296296296,432
2015,6,10,1,89.8263027295285,403
2015,6,10,2,90.5109489051095,411
2015,6,11,1,91.2230215827338,695
2015,6,11,2,92.5816023738872,674
2015,6,12,1,91.3165266106443,714
2015,6,12,2,92.7849927849928,693
2015,6,13,1,94.2946058091286,964
2015,6,13,2,94.7019867549669,906
2015,6,14,1,93.4736842105263,950
2015,6,14,2,94.1986234021632,1017
2015,6,15,1,92.0652173913043,920
2015,6,15,2,93.429158110883,974
2015,6,16,1,92.7209705372617,577
2015,6,16,2,93.3333333333333,600
2015,7,1,1,73.0654761904762,672
2015,7,1,2,74.0350877192982,855
2015,7,2,1,72.0101781170484,393
2015,7,2,2,71.6730038022814,526
2015,7,3,1,71.3513513513514,555
2015,7,3,2,71.5765247410817,869
2015,7,4,1,70.5080545229244,807
2015,7,4,2,70.8641975308642,1215
2015,7,5,1,72.1485411140583,754
2015,7,5,2,71.5686274509804,1122
2015,7,6,1,74.1545893719807,1242
2015,7,6,2,74.2625795257374,1729
2015,7,7,1,77.5893397940642,1651
2015,7,7,2,77.8672985781991,2110
2015,7,8,1,80.9664113140837,1697
2015,7,8,2,81.7483189241114,2082
2015,7,9,1,83.3764888658726,1931
2015,7,9,2,83.7873462214411,2276
2015,7,10,1,84.3657817109145,1695
2015,7,10,2,85.6621480709072,1918
2015,7,11,1,88.5856079404466,2821
2015,7,11,2,88.9068564036222,3092
2015,7,12,1,90.2219140083218,2884
2015,7,12,2,89.7540983606557,3172
2015,7,13,1,91.7860037827614,3701
2015,7,13,2,92.309670781893,3888
2015,7,14,1,92.4350940017905,4468
2015,7,14,2,92.1916010498688,4572
2015,7,15,1,93.3032839665164,4659
2015,7,15,2,93.3591231463572,4653
2015,7,16,1,93.6758893280632,3795
2015,7,16,2,93.2996543472481,3761
2015,NA,1,1,68.0555555555556,432
2015,NA,1,2,70.4156479217604,409
2015,NA,2,1,67.4698795180723,249
2015,NA,2,2,66.9039145907473,281
2015,NA,3,1,72.2222222222222,234
2015,NA,3,2,78.1746031746032,252
2015,NA,4,1,73.6596736596737,429
2015,NA,4,2,68.6567164179104,402
2015,NA,5,1,71.6867469879518,332
2015,NA,5,2,69.3121693121693,378
2015,NA,6,1,74.2718446601942,618
2015,NA,6,2,73.3913043478261,575
2015,NA,7,1,71.4663143989432,757
2015,NA,7,2,69.5530726256983,716
2015,NA,8,1,75.6601607347876,871
2015,NA,8,2,72.7272727272727,770
2015,NA,9,1,76.2812872467223,839
2015,NA,9,2,75.8823529411765,850
2015,NA,10,1,78.5615491009682,723
2015,NA,10,2,75.4558204768583,713
2015,NA,11,1,79.8831385642738,1198
2015,NA,11,2,79.3162393162393,1170
2015,NA,12,1,79.0677966101695,1180
2015,NA,12,2,77.634011090573,1082
2015,NA,13,1,79.4136392606756,1569
2015,NA,13,2,79.5104895104895,1430
2015,NA,14,1,81.055900621118,1932
2015,NA,14,2,80.4025423728814,1888
2015,NA,15,1,82.1312238250349,2149
2015,NA,15,2,80.5896805896806,2035
2015,NA,16,1,81.800518134715,1544
2015,NA,16,2,80.5574439157036,1471
2015,NA,NA,NA,0,20705
2017,4,1,1,91.0891089108911,101
2017,4,1,2,91.7525773195876,97
2017,4,2,1,87.5,48
2017,4,2,2,87.5,40
2017,4,3,1,88.5714285714286,35
2017,4,3,2,76.4705882352941,34
2017,4,4,1,87.037037037037,54
2017,4,4,2,77.2727272727273,66
2017,4,5,1,92.8571428571429,42
2017,4,5,2,93.3333333333333,45
2017,4,6,1,82.6666666666667,75
2017,4,6,2,86.0759493670886,79
2017,4,7,1,86.4864864864865,111
2017,4,7,2,90,110
2017,4,8,1,84.5360824742268,97
2017,4,8,2,85.2272727272727,88
2017,4,9,1,87.1287128712871,101
2017,4,9,2,90.625,96
2017,4,10,1,85.9504132231405,121
2017,4,10,2,89.2857142857143,112
2017,4,11,1,88.6666666666667,150
2017,4,11,2,90.7894736842105,152
2017,4,12,1,89.937106918239,159
2017,4,12,2,92.1875,128
2017,4,13,1,89.237668161435,223
2017,4,13,2,94.059405940594,202
2017,4,14,1,92.9577464788732,284
2017,4,14,2,93.9130434782609,230
2017,4,15,1,92.1686746987952,332
2017,4,15,2,91.98606271777,287
2017,4,16,1,91.3793103448276,290
2017,4,16,2,93.6254980079681,251
2017,5,1,1,88,175
2017,5,1,2,87.4371859296482,199
2017,5,2,1,89.4736842105263,76
2017,5,2,2,88.1188118811881,101
2017,5,3,1,84.2105263157895,76
2017,5,3,2,76.271186440678,59
2017,5,4,1,90.625,96
2017,5,4,2,82.9545454545455,88
2017,5,5,1,87.6404494382023,89
2017,5,5,2,85.5555555555556,90
2017,5,6,1,86.1788617886179,123
2017,5,6,2,85.1239669421488,121
2017,5,7,1,87.7272727272727,220
2017,5,7,2,82.4884792626728,217
2017,5,8,1,90.4761904761905,168
2017,5,8,2,91.5730337078652,178
2017,5,9,1,83.6575875486381,257
2017,5,9,2,89.4117647058824,255
2017,5,10,1,89.4977168949772,219
2017,5,10,2,88.8888888888889,234
2017,5,11,1,86.6438356164384,292
2017,5,11,2,90.3614457831325,332
2017,5,12,1,92.5,320
2017,5,12,2,90.7643312101911,314
2017,5,13,1,91.304347826087,414
2017,5,13,2,90.9535452322738,409
2017,5,14,1,89.4495412844037,436
2017,5,14,2,95.1100244498778,409
2017,5,15,1,92.9936305732484,471
2017,5,15,2,92.6991150442478,452
2017,5,16,1,92.3497267759563,366
2017,5,16,2,91.2921348314607,356
2017,6,1,1,80.3191489361702,188
2017,6,1,2,81.1059907834101,217
2017,6,2,1,78.0821917808219,73
2017,6,2,2,88.5714285714286,105
2017,6,3,1,79.3103448275862,87
2017,6,3,2,88.9830508474576,118
2017,6,4,1,79.6296296296296,108
2017,6,4,2,80.1369863013699,146
2017,6,5,1,75.5555555555556,90
2017,6,5,2,78.8617886178862,123
2017,6,6,1,84.5132743362832,226
2017,6,6,2,83.9662447257384,237
2017,6,7,1,84.0909090909091,308
2017,6,7,2,85.0299401197605,334
2017,6,8,1,85.1973684210526,304
2017,6,8,2,87.125748502994,334
2017,6,9,1,85.7831325301205,415
2017,6,9,2,88.7323943661972,426
2017,6,10,1,85.8208955223881,402
2017,6,10,2,88.1516587677725,422
2017,6,11,1,89.7897897897898,666
2017,6,11,2,91.9282511210762,669
2017,6,12,1,91.0236220472441,635
2017,6,12,2,92.8333333333333,600
2017,6,13,1,93.5738444193912,887
2017,6,13,2,92.1052631578947,912
2017,6,14,1,92.3965351299326,1039
2017,6,14,2,93.5089369708373,1063
2017,6,15,1,93.5176358436606,1049
2017,6,15,2,94.5841392649903,1034
2017,6,16,1,92.8275862068966,725
2017,6,16,2,93.854033290653,781
2017,7,1,1,62.1035058430718,599
2017,7,1,2,68.9567430025445,786
2017,7,2,1,64.1618497109827,346
2017,7,2,2,63.8157894736842,456
2017,7,3,1,61.5808823529412,544
2017,7,3,2,60.8747044917258,846
2017,7,4,1,60.258064516129,775
2017,7,4,2,60.9798775153106,1143
2017,7,5,1,63.5846372688478,703
2017,7,5,2,64.1938674579624,1011
2017,7,6,1,66.1616161616162,1188
2017,7,6,2,69.221260815822,1618
2017,7,7,1,71.5260545905707,1612
2017,7,7,2,71.6043539990535,2113
2017,7,8,1,74.3472584856397,1532
2017,7,8,2,74.909654104285,1937
2017,7,9,1,78.4641068447412,1797
2017,7,9,2,79.3857608189856,2149
2017,7,10,1,80.2325581395349,1806
2017,7,10,2,80.8337326305702,2087
2017,7,11,1,86.5109269027882,2654
2017,7,11,2,86.5131578947368,3040
2017,7,12,1,88.0512091038407,2812
2017,7,12,2,88.7939533355242,3043
2017,7,13,1,90.0243309002433,3699
2017,7,13,2,90.2224521469219,3866
2017,7,14,1,91.6273849607183,4455
2017,7,14,2,91.5232076705165,4589
2017,7,15,1,91.6325336454067,5127
2017,7,15,2,91.5218230977211,5178
2017,7,16,1,92.319441413921,4583
2017,7,16,2,91.8720852764823,4503
2017,NA,1,1,62.4671916010499,381
2017,NA,1,2,67.8378378378378,370
2017,NA,2,1,72.1951219512195,205
2017,NA,2,2,73.2394366197183,213
2017,NA,3,1,71.3692946058091,241
2017,NA,3,2,66.6666666666667,192
2017,NA,4,1,66.1184210526316,304
2017,NA,4,2,71.7770034843206,287
2017,NA,5,1,74.4027303754266,293
2017,NA,5,2,72.65625,256
2017,NA,6,1,76.7097966728281,541
2017,NA,6,2,68.4322033898305,472
2017,NA,7,1,71.0294117647059,680
2017,NA,7,2,72.7544910179641,668
2017,NA,8,1,77.2151898734177,632
2017,NA,8,2,72.755905511811,635
2017,NA,9,1,75.5020080321285,747
2017,NA,9,2,76.5603328710125,721
2017,NA,10,1,74.9315068493151,730
2017,NA,10,2,74.8579545454545,704
2017,NA,11,1,79.17760279965,1143
2017,NA,11,2,79.1590493601463,1094
2017,NA,12,1,75.8708581138488,1177
2017,NA,12,2,79.980563654033,1029
2017,NA,13,1,81.6964285714286,1568
2017,NA,13,2,80.2547770700637,1413
2017,NA,14,1,79.4922847187656,2009
2017,NA,14,2,80.2879291251384,1806
2017,NA,15,1,79.9268404206676,2187
2017,NA,15,2,81.6086547507055,2126
2017,NA,16,1,80.4782820888238,2049
2017,NA,16,2,82.438238453276,1862
2017,NA,NA,NA,0,19894
2019,4,1,1,80.5194805194805,77
2019,4,1,2,80.9523809523809,84
2019,4,2,1,74.0740740740741,27
2019,4,2,2,80,30
2019,4,3,1,91.304347826087,46
2019,4,3,2,89.1891891891892,37
2019,4,4,1,97.2972972972973,37
2019,4,4,2,90.625,64
2019,4,5,1,88.0952380952381,42
2019,4,5,2,90.625,32
2019,4,6,1,85.2941176470588,68
2019,4,6,2,90.4761904761905,42
2019,4,7,1,89.2857142857143,56
2019,4,7,2,88,75
2019,4,8,1,88.75,80
2019,4,8,2,85.7142857142857,70
2019,4,9,1,90.3846153846154,104
2019,4,9,2,86.3636363636364,88
2019,4,10,1,84.6153846153846,130
2019,4,10,2,88.9908256880734,109
2019,4,11,1,93.75,144
2019,4,11,2,90.983606557377,122
2019,4,12,1,95.3488372093023,172
2019,4,12,2,93.8271604938272,162
2019,4,13,1,89.5287958115183,191
2019,4,13,2,91.1949685534591,159
2019,4,14,1,92.9292929292929,297
2019,4,14,2,89.1213389121339,239
2019,4,15,1,89.9713467048711,349
2019,4,15,2,87.7551020408163,294
2019,4,16,1,93.127147766323,291
2019,4,16,2,95.8333333333333,288
2019,5,1,1,82.7586206896552,116
2019,5,1,2,81.25,144
2019,5,2,1,91.0714285714286,56
2019,5,2,2,77.4193548387097,62
2019,5,3,1,81.25,48
2019,5,3,2,93.1034482758621,58
2019,5,4,1,83.6065573770492,61
2019,5,4,2,87.9120879120879,91
2019,5,5,1,98.2758620689655,58
2019,5,5,2,88.5714285714286,70
2019,5,6,1,91.1764705882353,102
2019,5,6,2,94.1176470588235,102
2019,5,7,1,82.6086956521739,138
2019,5,7,2,88.1118881118881,143
2019,5,8,1,84.4594594594595,148
2019,5,8,2,88.4615384615385,156
2019,5,9,1,91.2568306010929,183
2019,5,9,2,92.0398009950249,201
2019,5,10,1,77.9661016949153,177
2019,5,10,2,87.0466321243523,193
2019,5,11,1,94.4852941176471,272
2019,5,11,2,91.449814126394,269
2019,5,12,1,92.0454545454545,264
2019,5,12,2,89.5582329317269,249
2019,5,13,1,90.3903903903904,333
2019,5,13,2,89.6755162241888,339
2019,5,14,1,89.9103139013453,446
2019,5,14,2,93.5028248587571,354
2019,5,15,1,92.1348314606742,445
2019,5,15,2,92.8374655647383,363
2019,5,16,1,90.4176904176904,407
2019,5,16,2,91.0493827160494,324
2019,6,1,1,82.2222222222222,135
2019,6,1,2,93.4065934065934,182
2019,6,2,1,77.3584905660377,53
2019,6,2,2,86.0759493670886,79
2019,6,3,1,85.7142857142857,63
2019,6,3,2,88.5057471264368,87
2019,6,4,1,81.1111111111111,90
2019,6,4,2,88.4955752212389,113
2019,6,5,1,84.2857142857143,70
2019,6,5,2,85.8695652173913,92
2019,6,6,1,85,140
2019,6,6,2,83.4394904458599,157
2019,6,7,1,90.1408450704225,213
2019,6,7,2,90.6779661016949,236
2019,6,8,1,88.0597014925373,268
2019,6,8,2,84.1772151898734,316
2019,6,9,1,88.7459807073955,311
2019,6,9,2,91.2087912087912,364
2019,6,10,1,86.8421052631579,380
2019,6,10,2,89.344262295082,366
2019,6,11,1,88.4543761638734,537
2019,6,11,2,89.7247706422018,545
2019,6,12,1,93.3333333333333,615
2019,6,12,2,93.8671209540034,587
2019,6,13,1,88.0541871921182,812
2019,6,13,2,90.5569007263923,826
2019,6,14,1,91.0243902439024,1025
2019,6,14,2,91.812865497076,1026
2019,6,15,1,92.5501432664756,1047
2019,6,15,2,92.5069380203515,1081
2019,6,16,1,92.436974789916,833
2019,6,16,2,93.6342592592593,864
2019,7,1,1,68.4630738522954,501
2019,7,1,2,67.5,600
2019,7,2,1,68.1451612903226,248
2019,7,2,2,70.0831024930748,361
2019,7,3,1,62.2377622377622,429
2019,7,3,2,62.4590163934426,610
2019,7,4,1,64.9068322981366,644
2019,7,4,2,66.1122661122661,962
2019,7,5,1,67.0807453416149,644
2019,7,5,2,65.466816647919,889
2019,7,6,1,69.4825765575502,947
2019,7,6,2,70,1320
2019,7,7,1,72.8506787330317,1326
2019,7,7,2,73.7808376362593,1743
2019,7,8,1,75.3834355828221,1304
2019,7,8,2,76.2941176470588,1700
2019,7,9,1,79.0726052471019,1639
2019,7,9,2,81.2563840653728,1958
2019,7,10,1,80.7281858129316,1593
2019,7,10,2,84.0809628008753,1828
2019,7,11,1,87.1858261227853,2427
2019,7,11,2,88.3051457358762,2779
2019,7,12,1,89.4108586830959,2597
2019,7,12,2,89.7922636103152,2792
2019,7,13,1,90.5260011954573,3346
2019,7,13,2,90.7014681892333,3678
2019,7,14,1,90.9253464461332,4474
2019,7,14,2,90.8762228838792,4702
2019,7,15,1,92.5043244282145,5203
2019,7,15,2,92.6152668834896,5227
2019,7,16,1,93.036750483559,5170
2019,7,16,2,93.1222071109384,5147
2019,NA,1,1,66.1654135338346,266
2019,NA,1,2,67.843137254902,255
2019,NA,2,1,79.6992481203008,133
2019,NA,2,2,75.3623188405797,138
2019,NA,3,1,74.4444444444444,180
2019,NA,3,2,77.5510204081633,147
2019,NA,4,1,76.1702127659574,235
2019,NA,4,2,78.47533632287,223
2019,NA,5,1,80.1980198019802,202
2019,NA,5,2,74.8743718592965,199
2019,NA,6,1,76.5714285714286,350
2019,NA,6,2,74.1741741741742,333
2019,NA,7,1,74.7916666666667,480
2019,NA,7,2,77.6053215077605,451
2019,NA,8,1,74.2160278745645,574
2019,NA,8,2,70.8582834331337,501
2019,NA,9,1,74.438202247191,712
2019,NA,9,2,78.2414307004471,671
2019,NA,10,1,73.8461538461539,650
2019,NA,10,2,76.5112262521589,579
2019,NA,11,1,77.4619289340101,985
2019,NA,11,2,79.2035398230089,904
2019,NA,12,1,80.2443991853361,982
2019,NA,12,2,77.8125,960
2019,NA,13,1,78.663629460896,1317
2019,NA,13,2,76.6990291262136,1236
2019,NA,14,1,80.1699716713881,1765
2019,NA,14,2,81.1275964391691,1685
2019,NA,15,1,82.3363165332077,2123
2019,NA,15,2,81.4213197969543,1970
2019,NA,16,1,82.3199251637044,2138
2019,NA,16,2,82.2082931533269,2074
2019,NA,NA,NA,0,20753
2021,4,1,1,75.4098360655738,61
2021,4,1,2,93.6170212765958,47
2021,4,2,1,87.5,16
2021,4,2,2,95.4545454545455,22
2021,4,3,1,92.5925925925926,27
2021,4,3,2,89.6551724137931,29
2021,4,4,1,93.3333333333333,30
2021,4,4,2,70.5882352941177,34
2021,4,5,1,88.2352941176471,17
2021,4,5,2,91.6666666666667,24
2021,4,6,1,84,50
2021,4,6,2,86.2745098039216,51
2021,4,7,1,85.7142857142857,70
2021,4,7,2,94.4444444444444,54
2021,4,8,1,90.7692307692308,65
2021,4,8,2,88.5714285714286,70
2021,4,9,1,94.1860465116279,86
2021,4,9,2,91.025641025641,78
2021,4,10,1,88.4615384615385,78
2021,4,10,2,90.8045977011494,87
2021,4,11,1,92.1428571428571,140
2021,4,11,2,93.2203389830508,118
2021,4,12,1,90.0709219858156,141
2021,4,12,2,95.2830188679245,106
2021,4,13,1,90.3030303030303,165
2021,4,13,2,93.8356164383562,146
2021,4,14,1,86.9791666666667,192
2021,4,14,2,91.4772727272727,176
2021,4,15,1,87.2509960159363,251
2021,4,15,2,92.7966101694915,236
2021,4,16,1,95.3947368421053,304
2021,4,16,2,93.3852140077821,257
2021,5,1,1,87.0967741935484,93
2021,5,1,2,90.9090909090909,99
2021,5,2,1,86.3636363636364,44
2021,5,2,2,82.3529411764706,51
2021,5,3,1,92,25
2021,5,3,2,92.8571428571429,42
2021,5,4,1,90,60
2021,5,4,2,78.1818181818182,55
2021,5,5,1,89.3617021276596,47
2021,5,5,2,91.6666666666667,48
2021,5,6,1,84.7222222222222,72
2021,5,6,2,81.8181818181818,88
2021,5,7,1,88.8888888888889,117
2021,5,7,2,91.6666666666667,120
2021,5,8,1,88.5245901639344,122
2021,5,8,2,91.9354838709677,124
2021,5,9,1,87.719298245614,171
2021,5,9,2,92.6136363636364,176
2021,5,10,1,91.6666666666667,156
2021,5,10,2,89.9408284023669,169
2021,5,11,1,89.4117647058824,255
2021,5,11,2,94.7368421052632,209
2021,5,12,1,87.8260869565217,230
2021,5,12,2,89.7119341563786,243
2021,5,13,1,90.228013029316,307
2021,5,13,2,89.0909090909091,330
2021,5,14,1,91.6666666666667,396
2021,5,14,2,91.9075144508671,346
2021,5,15,1,92.271662763466,427
2021,5,15,2,90.7246376811594,345
2021,5,16,1,94.2857142857143,385
2021,5,16,2,92.8774928774929,351
2021,6,1,1,87.5,96
2021,6,1,2,86.7549668874172,151
2021,6,2,1,87.1794871794872,39
2021,6,2,2,87.5,56
2021,6,3,1,82.3529411764706,51
2021,6,3,2,91.5254237288136,59
2021,6,4,1,86.2068965517241,58
2021,6,4,2,90,100
2021,6,5,1,86.7924528301887,53
2021,6,5,2,84.2105263157895,57
2021,6,6,1,89.8305084745763,118
2021,6,6,2,86.8965517241379,145
2021,6,7,1,88.3040935672515,171
2021,6,7,2,91.4141414141414,198
2021,6,8,1,89.047619047619,210
2021,6,8,2,86.8686868686869,198
2021,6,9,1,90.2439024390244,287
2021,6,9,2,89.3103448275862,290
2021,6,10,1,89.4339622641509,265
2021,6,10,2,89.2,250
2021,6,11,1,87.9350348027842,431
2021,6,11,2,89.237668161435,446
2021,6,12,1,90.2834008097166,494
2021,6,12,2,91.0179640718563,501
2021,6,13,1,91.5773353751914,653
2021,6,13,2,92.7469135802469,648
2021,6,14,1,91.0313901345291,892
2021,6,14,2,92.3165137614679,872
2021,6,15,1,91.8781725888325,985
2021,6,15,2,92.5542916235781,967
2021,6,16,1,93.1899641577061,837
2021,6,16,2,92.3950056753689,881
2021,7,1,1,74.3119266055046,436
2021,7,1,2,73.9776951672863,538
2021,7,2,1,78.7234042553192,188
2021,7,2,2,76.271186440678,236
2021,7,3,1,67.5287356321839,348
2021,7,3,2,71.1409395973154,447
2021,7,4,1,67.962962962963,540
2021,7,4,2,71.8181818181818,770
2021,7,5,1,69.5652173913043,483
2021,7,5,2,69.2789968652038,638
2021,7,6,1,73.3256351039261,866
2021,7,6,2,75.9717314487633,1132
2021,7,7,1,76.9589552238806,1072
2021,7,7,2,77.9569892473118,1488
2021,7,8,1,81.8181818181818,1100
2021,7,8,2,82.6647564469914,1396
2021,7,9,1,81.4456035767511,1342
2021,7,9,2,83.2914572864322,1592
2021,7,10,1,83.3088235294118,1360
2021,7,10,2,83.6976889444097,1601
2021,7,11,1,88.1572714353387,2111
2021,7,11,2,88.4871155444721,2406
2021,7,12,1,89.612676056338,2272
2021,7,12,2,90.149136577708,2548
2021,7,13,1,90.7470870459219,2918
2021,7,13,2,90.407156076496,3242
2021,7,14,1,90.9412955465587,3952
2021,7,14,2,91.0265613783202,4179
2021,7,15,1,91.4694059848146,4478
2021,7,15,2,91.4095449500555,4505
2021,7,16,1,91.4830841856806,5084
2021,7,16,2,91.7459032975926,4943
2021,NA,1,1,73.4615384615385,260
2021,NA,1,2,70.2586206896552,232
2021,NA,2,1,66.3865546218487,119
2021,NA,2,2,71.1711711711712,111
2021,NA,3,1,68.6440677966102,118
2021,NA,3,2,76.7857142857143,112
2021,NA,4,1,73.0769230769231,208
2021,NA,4,2,72.5609756097561,164
2021,NA,5,1,67.8832116788321,137
2021,NA,5,2,74.1935483870968,155
2021,NA,6,1,81.5864022662889,353
2021,NA,6,2,73.1884057971015,276
2021,NA,7,1,77.3778920308483,389
2021,NA,7,2,80.8184143222506,391
2021,NA,8,1,75.4060324825986,431
2021,NA,8,2,76.5957446808511,376
2021,NA,9,1,77.6146788990826,545
2021,NA,9,2,77.6371308016878,474
2021,NA,10,1,77.0562770562771,462
2021,NA,10,2,74.8031496062992,508
2021,NA,11,1,80.9644670050761,788
2021,NA,11,2,78.8903924221921,739
2021,NA,12,1,75.7160647571607,803
2021,NA,12,2,78.8436268068331,761
2021,NA,13,1,81.1002661934339,1127
2021,NA,13,2,78.6181139122316,1071
2021,NA,14,1,77.8357235984355,1534
2021,NA,14,2,81.063122923588,1505
2021,NA,15,1,80.3452115812918,1796
2021,NA,15,2,79.0861159929701,1707
2021,NA,16,1,80.2113352545629,2082
2021,NA,16,2,78.5851780558229,2078
2021,NA,NA,NA,0,24962
2023,4,1,1,83.9285714285714,56
2023,4,1,2,94.5945945945946,74
2023,4,2,1,100,15
2023,4,2,2,95,20
2023,4,3,1,80,10
2023,4,3,2,100,17
2023,4,4,1,92.3076923076923,26
2023,4,4,2,89.4736842105263,19
2023,4,5,1,90,20
2023,4,5,2,93.5483870967742,31
2023,4,6,1,92.5,40
2023,4,6,2,84.375,32
2023,4,7,1,92.7272727272727,55
2023,4,7,2,94.7368421052632,57
2023,4,8,1,89.1891891891892,37
2023,4,8,2,91.2280701754386,57
2023,4,9,1,95.4545454545455,66
2023,4,9,2,85.5072463768116,69
2023,4,10,1,87.3239436619718,71
2023,4,10,2,87.719298245614,57
2023,4,11,1,90.7407407407407,108
2023,4,11,2,86.8131868131868,91
2023,4,12,1,86.9158878504673,107
2023,4,12,2,94.1666666666667,120
2023,4,13,1,89.6296296296296,135
2023,4,13,2,94.6308724832215,149
2023,4,14,1,92,225
2023,4,14,2,93.6170212765958,188
2023,4,15,1,92.4137931034483,290
2023,4,15,2,93.1174089068826,247
2023,4,16,1,91.4786967418546,399
2023,4,16,2,92.8753180661578,393
2023,5,1,1,81.1111111111111,90
2023,5,1,2,95.6989247311828,93
2023,5,2,1,92.3076923076923,26
2023,5,2,2,88.5714285714286,35
2023,5,3,1,89.4736842105263,19
2023,5,3,2,90.3225806451613,31
2023,5,4,1,97.8260869565217,46
2023,5,4,2,93.1818181818182,44
2023,5,5,1,96.875,32
2023,5,5,2,96.875,32
2023,5,6,1,90.4761904761905,63
2023,5,6,2,96.7741935483871,62
2023,5,7,1,90,90
2023,5,7,2,89.4117647058824,85
2023,5,8,1,87.9518072289157,83
2023,5,8,2,89.1089108910891,101
2023,5,9,1,86.3309352517986,139
2023,5,9,2,86.875,160
2023,5,10,1,92.5925925925926,135
2023,5,10,2,93.0232558139535,129
2023,5,11,1,93.5897435897436,234
2023,5,11,2,93.1034482758621,232
2023,5,12,1,92.7601809954751,221
2023,5,12,2,91.7808219178082,219
2023,5,13,1,94.2176870748299,294
2023,5,13,2,93.5606060606061,264
2023,5,14,1,91.6897506925208,361
2023,5,14,2,94.5945945945946,370
2023,5,15,1,93.3333333333333,450
2023,5,15,2,93.5064935064935,385
2023,5,16,1,93.4426229508197,549
2023,5,16,2,93.8775510204082,441
2023,6,1,1,84.8214285714286,112
2023,6,1,2,84.1121495327103,107
2023,6,2,1,95,40
2023,6,2,2,85.7142857142857,28
2023,6,3,1,84.8484848484848,33
2023,6,3,2,85.4166666666667,48
2023,6,4,1,79.0697674418605,43
2023,6,4,2,93.4426229508197,61
2023,6,5,1,84.9056603773585,53
2023,6,5,2,84.7826086956522,46
2023,6,6,1,95.2380952380952,63
2023,6,6,2,90.4761904761905,105
2023,6,7,1,91.5492957746479,142
2023,6,7,2,92.156862745098,153
2023,6,8,1,87.8048780487805,123
2023,6,8,2,92.0454545454545,176
2023,6,9,1,88.8888888888889,198
2023,6,9,2,89.1666666666667,240
2023,6,10,1,88.0530973451327,226
2023,6,10,2,87.5555555555556,225
2023,6,11,1,89.922480620155,387
2023,6,11,2,92.1465968586387,382
2023,6,12,1,91.705069124424,434
2023,6,12,2,92.3433874709977,431
2023,6,13,1,93.0015552099534,643
2023,6,13,2,92.7580893682589,649
2023,6,14,1,92.3976608187134,855
2023,6,14,2,91.8414918414918,858
2023,6,15,1,93.1034482758621,1073
2023,6,15,2,92.156862745098,1020
2023,6,16,1,92.1465968586387,1146
2023,6,16,2,91.7117117117117,1110
2023,7,1,1,74.5989304812834,374
2023,7,1,2,77.5757575757576,495
2023,7,2,1,82.4324324324324,148
2023,7,2,2,78.1094527363184,201
2023,7,3,1,75.8974358974359,195
2023,7,3,2,78.3216783216783,286
2023,7,4,1,76.3636363636364,440
2023,7,4,2,75.6289308176101,636
2023,7,5,1,79.5918367346939,392
2023,7,5,2,76.3513513513514,592
2023,7,6,1,81.2199036918138,623
2023,7,6,2,78.5560344827586,928
2023,7,7,1,82.2988505747126,870
2023,7,7,2,81.3587406793703,1207
2023,7,8,1,81.789802289282,961
2023,7,8,2,82.8999211977935,1269
2023,7,9,1,85.4883720930233,1075
2023,7,9,2,85.5395683453237,1390
2023,7,10,1,85.9283930058285,1201
2023,7,10,2,85.2805280528053,1515
2023,7,11,1,88.2205513784461,1995
2023,7,11,2,89.9869960988296,2307
2023,7,12,1,90.095525389643,1989
2023,7,12,2,90.2365591397849,2325
2023,7,13,1,92.2230113636364,2816
2023,7,13,2,93.0437622468975,3062
2023,7,14,1,91.6247018287835,3773
2023,7,14,2,91.4357053682896,4005
2023,7,15,1,92.4708818635607,4808
2023,7,15,2,92.5193640440277,4906
2023,7,16,1,92.1902619315443,6223
2023,7,16,2,92.4396956451352,6177
2023,NA,1,1,75.5434782608696,184
2023,NA,1,2,68.6046511627907,172
2023,NA,2,1,78.7878787878788,66
2023,NA,2,2,75.7142857142857,70
2023,NA,3,1,81,100
2023,NA,3,2,83.695652173913,92
2023,NA,4,1,83.9622641509434,106
2023,NA,4,2,80,115
2023,NA,5,1,75,96
2023,NA,5,2,81.4814814814815,108
2023,NA,6,1,79.7169811320755,212
2023,NA,6,2,85.2216748768473,203
2023,NA,7,1,77.8846153846154,312
2023,NA,7,2,79.2207792207792,308
2023,NA,8,1,79.0540540540541,296
2023,NA,8,2,78.0821917808219,292
2023,NA,9,1,77.1634615384615,416
2023,NA,9,2,78.3582089552239,402
2023,NA,10,1,76.2419006479482,463
2023,NA,10,2,75.8974358974359,390
2023,NA,11,1,77.4557165861514,621
2023,NA,11,2,80.0955414012739,628
2023,NA,12,1,79.9093655589124,662
2023,NA,12,2,79.0551181102362,635
2023,NA,13,1,78.3464566929134,1016
2023,NA,13,2,80.1801801801802,999
2023,NA,14,1,78.7878787878788,1386
2023,NA,14,2,79.4094794094794,1287
2023,NA,15,1,81.071242849714,1923
2023,NA,15,2,80.8847624249044,1831
2023,NA,16,1,79.7512631169841,2573
2023,NA,16,2,81.4516129032258,2480
2023,NA,NA,NA,0,27283
